c870e355-3b09-40f8-9d18-b29693841c42,Elroy,Kiehn,Testing,+916046005242,ylBMaZO@uEhTSyb.com,1994-05-11,Female,EN_US,Testing,375bb79d-eebd-4a2a-bc91-fd4123b4f5ca,false,false,c870e355-3b09-40f8-9d18-b29693841c42,c870e355-3b09-40f8-9d18-b29693841c42,2022-02-03 14:00:00 +02:00,2022-02-03 14:00:00 +02:00,MWK,25
c28f3f1f-099b-42de-bd60-8b4bc117a199,Sterling,Beer,Testing,+918347199666,DEXZwDw@LZSVbyQ.net,1994-05-11,Female,EN_US,Testing,96ee7f5d-e2be-4f7b-acdb-de281f4cb0ac,false,false,c28f3f1f-099b-42de-bd60-8b4bc117a199,c28f3f1f-099b-42de-bd60-8b4bc117a199,2022-02-03 14:00:00 +02:00,2022-02-03 14:00:00 +02:00,MWK,25
75c34adc-5d75-407d-b31c-fe5d2bd8642b,Simone,Schowalter,Testing,+911683587917,pZaIxIu@kQVoxMA.net,1994-05-11,Female,EN_US,Testing,e6e88f94-aa05-499f-80db-0bf2ef51b023,false,false,75c34adc-5d75-407d-b31c-fe5d2bd8642b,75c34adc-5d75-407d-b31c-fe5d2bd8642b,2022-02-03 14:00:00 +02:00,2022-02-03 14:00:00 +02:00,MWK,25
8d3606e4-d992-48d2-aa7c-9f62b6ecbd9e,Brain,Legros,Testing,+911722290561,HikwThH@tCOMOCm.com,1994-05-11,Female,EN_US,Testing,b4204ec2-5ffe-4bd9-aecb-323ca5d074a9,false,false,8d3606e4-d992-48d2-aa7c-9f62b6ecbd9e,8d3606e4-d992-48d2-aa7c-9f62b6ecbd9e,2022-02-03 14:00:00 +02:00,2022-02-03 14:00:00 +02:00,MWK,25
b13b0ae1-f8fe-4e23-8647-9d500896fb2a,Felicity,Luettgen,Testing,+919253036733,waQNVyX@OLjBaYt.org,1994-05-11,Female,EN_US,Testing,4d3e1b3b-b25a-4990-8030-54a9a8495b15,false,false,b13b0ae1-f8fe-4e23-8647-9d500896fb2a,b13b0ae1-f8fe-4e23-8647-9d500896fb2a,2022-02-03 14:00:00 +02:00,2022-02-03 14:00:00 +02:00,MWK,25
39e71a98-970b-420f-bf05-5df41d413377,Jamie,Johnston,Testing,+919700235829,JmQvXRZ@djxGWfk.biz,1994-05-11,Female,EN_US,Testing,a11e85b7-c787-4d96-b23b-d0215ae7c2bc,false,false,39e71a98-970b-420f-bf05-5df41d413377,39e71a98-970b-420f-bf05-5df41d413377,2022-02-03 14:00:00 +02:00,2022-02-03 14:00:00 +02:00,MWK,25
5320fa88-b6f2-4563-b46c-05e38d165bc8,Jennings,Wilderman,Testing,+912492180072,wHqXcYF@nlUlvMB.biz,1994-05-11,Female,EN_US,Testing,cf088ee9-8f53-4a4c-84a6-479f5f8b094c,false,false,5320fa88-b6f2-4563-b46c-05e38d165bc8,5320fa88-b6f2-4563-b46c-05e38d165bc8,2022-02-03 14:00:00 +02:00,2022-02-03 14:00:00 +02:00,MWK,25
082a0674-2bf2-4cb5-a8bd-2bbefe5b2d02,Taurean,Stroman,Testing,+916282493432,CuDJJJS@OAcsKsd.com,1994-05-11,Female,EN_US,Testing,df2765d4-eb0c-41c3-a71b-8c46f5579be3,false,false,082a0674-2bf2-4cb5-a8bd-2bbefe5b2d02,082a0674-2bf2-4cb5-a8bd-2bbefe5b2d02,2022-02-03 14:00:00 +02:00,2022-02-03 14:00:00 +02:00,MWK,25
ae77d416-23a3-423d-b008-8cf9f095f66f,Justice,Bednar,Testing,+917788659675,IVhDXPQ@pjuFvop.info,1994-05-11,Female,EN_US,Testing,4e4cc3d8-9244-476f-a284-3d39c6770b64,false,false,ae77d416-23a3-423d-b008-8cf9f095f66f,ae77d416-23a3-423d-b008-8cf9f095f66f,2022-02-03 14:00:00 +02:00,2022-02-03 14:00:00 +02:00,MWK,25
ee06d0b6-aa88-4392-86e4-7436387f8144,Claire,Swaniawski,Testing,+912288397834,qtMZdcU@eyenGuu.biz,1994-05-11,Female,EN_US,Testing,52470f3b-3ad9-4428-a182-0abb1d2f3aed,false,false,ee06d0b6-aa88-4392-86e4-7436387f8144,ee06d0b6-aa88-4392-86e4-7436387f8144,2022-02-03 14:00:00 +02:00,2022-02-03 14:00:00 +02:00,MWK,25
